{
    "<PAD>": {
        "precision": 0.0,
        "recall": 0.0,
        "f1": 0.0
    },
    "DET": {
        "precision": 0.9989416444655305,
        "recall": 0.9988395769929718,
        "f1": 0.9988906081219163
    },
    "NOUN": {
        "precision": 0.9931291786921147,
        "recall": 0.994015778892284,
        "f1": 0.9935722810059453
    },
    "ADJ": {
        "precision": 0.985641589220441,
        "recall": 0.9855591787006844,
        "f1": 0.9856003822378834
    },
    "VERB": {
        "precision": 0.994071416461117,
        "recall": 0.994577291381669,
        "f1": 0.9943242895788487
    },
    "ADP": {
        "precision": 0.9964515260509075,
        "recall": 0.9970365969910062,
        "f1": 0.996743975664412
    },
    ".": {
        "precision": 0.9999322378451635,
        "recall": 1.0,
        "f1": 0.9999661177746154
    },
    "ADV": {
        "precision": 0.9903787905783416,
        "recall": 0.9883888404843614,
        "f1": 0.9893828149334757
    },
    "CONJ": {
        "precision": 0.9991088745609896,
        "recall": 0.9991874393855993,
        "f1": 0.999148155428871
    },
    "PRT": {
        "precision": 0.9900854128286719,
        "recall": 0.9909484059137081,
        "f1": 0.99051672139937
    },
    "PRON": {
        "precision": 0.998074350346617,
        "recall": 0.998074350346617,
        "f1": 0.998074350346617
    },
    "NUM": {
        "precision": 0.9912660798916723,
        "recall": 0.9843350813500067,
        "f1": 0.9877884226150317
    },
    "X": {
        "precision": 0.979328165374677,
        "recall": 0.8203463203463204,
        "f1": 0.8928150765606596
    }
}