{
    "precision": 0.9948526496720751,
    "recall": 0.9948578701885649,
    "f1": 0.9948483725582737,
    "f0.5": 0.9948490764079362,
    "f2": 0.9948526086541074
}