{
    "precision": 0.990016916302545,
    "recall": 0.9899465376957471,
    "f1": 0.989959373619364,
    "f0.5": 0.9899885694282377,
    "f2": 0.9899462633884166
}