{
    "precision": 0.9948570454480065,
    "recall": 0.9948604537406389,
    "f1": 0.9948500905100384,
    "f0.5": 0.9948518848359045,
    "f2": 0.9948545004985679
}