{
    "DET": {
        "precision": 0.9985410433391593,
        "recall": 0.9840314117020267,
        "f1": 0.9912331325101913
    },
    "NOUN": {
        "precision": 0.9886146358421694,
        "recall": 0.9907170178329063,
        "f1": 0.9896647102965006
    },
    "ADJ": {
        "precision": 0.9691882049705597,
        "recall": 0.9791091840756799,
        "f1": 0.9741234350768573
    },
    "VERB": {
        "precision": 0.9902328582834768,
        "recall": 0.9908180574555403,
        "f1": 0.9905253714360736
    },
    "ADP": {
        "precision": 0.99459922372474,
        "recall": 0.9947915947114654,
        "f1": 0.9946953999171156
    },
    ".": {
        "precision": 0.9997560380580629,
        "recall": 0.9997492630366279,
        "f1": 0.9997526505358674
    },
    "ADV": {
        "precision": 0.9820745612467384,
        "recall": 0.9770977435587404,
        "f1": 0.9795798311837637
    },
    "CONJ": {
        "precision": 0.9989754636683654,
        "recall": 0.9967497575423974,
        "f1": 0.9978613695107391
    },
    "PRT": {
        "precision": 0.9842348373276208,
        "recall": 0.9857856448422676,
        "f1": 0.9850096306841973
    },
    "PRON": {
        "precision": 0.9971406554185593,
        "recall": 0.9966959905947217,
        "f1": 0.9969182734221357
    },
    "NUM": {
        "precision": 0.9174852652259332,
        "recall": 0.973309130025548,
        "f1": 0.9445731249796104
    },
    "X": {
        "precision": 0.8652138821630347,
        "recall": 0.7734487734487735,
        "f1": 0.8167619047619048
    }
}