{
    "<PAD>": {
        "precision": 0.0,
        "recall": 0.0,
        "f1": 0.0
    },
    "DET": {
        "precision": 0.998883529506199,
        "recall": 0.9990293316985236,
        "f1": 0.9989564252822395
    },
    "NOUN": {
        "precision": 0.9932651262652822,
        "recall": 0.993885112699006,
        "f1": 0.9935750227649532
    },
    "ADJ": {
        "precision": 0.9852003914735159,
        "recall": 0.9859652894733699,
        "f1": 0.9855826920666002
    },
    "VERB": {
        "precision": 0.9939998906087623,
        "recall": 0.9944350205198358,
        "f1": 0.9942174079544833
    },
    "ADP": {
        "precision": 0.9963472400602118,
        "recall": 0.997366492942754,
        "f1": 0.9968566059634676
    },
    ".": {
        "precision": 0.9999796871826122,
        "recall": 1.0,
        "f1": 0.9999898434881525
    },
    "ADV": {
        "precision": 0.990784642258743,
        "recall": 0.9883710592293604,
        "f1": 0.9895763790601828
    },
    "CONJ": {
        "precision": 0.9990304237310343,
        "recall": 0.9992922859164898,
        "f1": 0.999161337666422
    },
    "PRT": {
        "precision": 0.9911730156066454,
        "recall": 0.9900432465050789,
        "f1": 0.990607808935999
    },
    "PRON": {
        "precision": 0.9982155892610918,
        "recall": 0.9978513803867516,
        "f1": 0.9980334515965534
    },
    "NUM": {
        "precision": 0.9899078840422649,
        "recall": 0.9825870646766169,
        "f1": 0.9862338889263783
    },
    "X": {
        "precision": 0.9671848013816926,
        "recall": 0.8253500368459837,
        "f1": 0.8906560636182903
    }
}