{
    "<PAD>": {
        "precision": 0.0,
        "recall": 0.0,
        "f1": 0.0
    },
    "DET": {
        "precision": 0.9988981238917388,
        "recall": 0.9990439282143352,
        "f1": 0.9989710207328376
    },
    "NOUN": {
        "precision": 0.993123387727892,
        "recall": 0.9947452079054138,
        "f1": 0.993933636228484
    },
    "ADJ": {
        "precision": 0.9869572494261668,
        "recall": 0.9860966782527681,
        "f1": 0.9865267761652396
    },
    "VERB": {
        "precision": 0.9947200245122179,
        "recall": 0.9948071135430917,
        "f1": 0.9947635671215487
    },
    "ADP": {
        "precision": 0.9965212589729431,
        "recall": 0.997305997264551,
        "f1": 0.9969134736885715
    },
    ".": {
        "precision": 0.9999322378451635,
        "recall": 1.0,
        "f1": 0.9999661177746154
    },
    "ADV": {
        "precision": 0.991420366373544,
        "recall": 0.9883177154643574,
        "f1": 0.9898666096774767
    },
    "CONJ": {
        "precision": 0.999344606108271,
        "recall": 0.9991874393855993,
        "f1": 0.9992660165670546
    },
    "PRT": {
        "precision": 0.9911448026028914,
        "recall": 0.99061316168829,
        "f1": 0.9908789108346467
    },
    "PRON": {
        "precision": 0.998296975103398,
        "recall": 0.9980946203429684,
        "f1": 0.9981957874678181
    },
    "NUM": {
        "precision": 0.991867163673331,
        "recall": 0.9839316928869167,
        "f1": 0.9878834925242161
    },
    "X": {
        "precision": 0.9795918367346939,
        "recall": 0.8311688311688312,
        "f1": 0.8992974238875878
    }
}