{
    "DET": {
        "precision": 0.9985256310521363,
        "recall": 0.9836154110013939,
        "f1": 0.9910144416012235
    },
    "NOUN": {
        "precision": 0.988607970799325,
        "recall": 0.9907605658336902,
        "f1": 0.989683097825693
    },
    "ADJ": {
        "precision": 0.9690619234590094,
        "recall": 0.978726962171976,
        "f1": 0.9738704635808815
    },
    "VERB": {
        "precision": 0.9902572373636588,
        "recall": 0.9910971272229823,
        "f1": 0.9906770042799907
    },
    "ADP": {
        "precision": 0.9945712983299491,
        "recall": 0.9947087023196054,
        "f1": 0.9946399955793778
    },
    ".": {
        "precision": 0.9998305682064628,
        "recall": 0.9997424863619422,
        "f1": 0.9997865253441856
    },
    "ADV": {
        "precision": 0.9810475595609887,
        "recall": 0.9774889311687619,
        "f1": 0.9792650123804264
    },
    "CONJ": {
        "precision": 0.9990804235306482,
        "recall": 0.9967235459096747,
        "f1": 0.9979005930824542
    },
    "PRT": {
        "precision": 0.983498460302584,
        "recall": 0.9850481075463475,
        "f1": 0.9842726739804036
    },
    "PRON": {
        "precision": 0.9972609965914624,
        "recall": 0.9963311306603965,
        "f1": 0.9967958467684696
    },
    "NUM": {
        "precision": 0.9188194224055856,
        "recall": 0.973241898615033,
        "f1": 0.9452479676123935
    },
    "X": {
        "precision": 0.8620689655172413,
        "recall": 0.7756132756132756,
        "f1": 0.8165590581086214
    }
}