{
    "DET": {
        "precision": 0.9974715273577826,
        "recall": 0.9990585247301469,
        "f1": 0.9982643953094918
    },
    "NOUN": {
        "precision": 0.9911815555692481,
        "recall": 0.9924081318633464,
        "f1": 0.9917944644822715
    },
    "ADJ": {
        "precision": 0.9807467772297281,
        "recall": 0.9832419584094791,
        "f1": 0.9819927827980078
    },
    "VERB": {
        "precision": 0.9934947141126889,
        "recall": 0.9919562243502053,
        "f1": 0.9927248731576022
    },
    "ADP": {
        "precision": 0.9956897740751979,
        "recall": 0.997326720362516,
        "f1": 0.9965075749732546
    },
    ".": {
        "precision": 0.9999119097956307,
        "recall": 0.9999864466506285,
        "f1": 0.9999491768341233
    },
    "ADV": {
        "precision": 0.9893748323048028,
        "recall": 0.9834989953590925,
        "f1": 0.9864281637894136
    },
    "CONJ": {
        "precision": 0.9992395038418168,
        "recall": 0.9987680532620377,
        "f1": 0.9990037229301033
    },
    "PRT": {
        "precision": 0.9895714573133928,
        "recall": 0.9893392336317007,
        "f1": 0.9894553318469095
    },
    "PRON": {
        "precision": 0.9977902120585492,
        "recall": 0.9976284104268861,
        "f1": 0.9977093046827489
    },
    "NUM": {
        "precision": 0.9881267385847072,
        "recall": 0.9791582627403523,
        "f1": 0.9836220578799851
    },
    "X": {
        "precision": 0.9704347826086956,
        "recall": 0.8051948051948052,
        "f1": 0.8801261829652997
    }
}