{
    "precision": 0.9951901586627572,
    "recall": 0.99519287077417,
    "f1": 0.9951837928340702,
    "f0.5": 0.9951855174928034,
    "f2": 0.9951876051562061
}