{
    "precision": 0.9935597313667802,
    "recall": 0.9935643717834777,
    "f1": 0.9935517298493639,
    "f0.5": 0.9935537053594736,
    "f2": 0.9935571492406048
}