{
    "precision": 0.9951590434164735,
    "recall": 0.9951627293333057,
    "f1": 0.9951531106045199,
    "f0.5": 0.9951545634200801,
    "f2": 0.9951572338091276
}