{
    "precision": 0.989967478802591,
    "recall": 0.9898983113903644,
    "f1": 0.9899112655356621,
    "f0.5": 0.9899398383111728,
    "f2": 0.9898982585264382
}