{
    "<PAD>": {
        "precision": 0.0,
        "recall": 0.0,
        "f1": 0.0
    },
    "DET": {
        "precision": 0.9991460103354647,
        "recall": 0.9990366299564294,
        "f1": 0.9990913171522099
    },
    "NOUN": {
        "precision": 0.9932089146584526,
        "recall": 0.9946254313989483,
        "f1": 0.9939166683287791
    },
    "ADJ": {
        "precision": 0.9864593541601931,
        "recall": 0.9859055673009162,
        "f1": 0.9861823829863496
    },
    "VERB": {
        "precision": 0.9944425907591662,
        "recall": 0.9948180574555403,
        "f1": 0.9946302886732737
    },
    "ADP": {
        "precision": 0.9966919889502762,
        "recall": 0.9975600315191396,
        "f1": 0.9971258213172859
    },
    ".": {
        "precision": 0.9999932289691783,
        "recall": 1.0,
        "f1": 0.9999966144731274
    },
    "ADV": {
        "precision": 0.9916329188446649,
        "recall": 0.9883532779743595,
        "f1": 0.9899903822177893
    },
    "CONJ": {
        "precision": 0.9993184618207555,
        "recall": 0.9992660742837671,
        "f1": 0.9992922673656619
    },
    "PRT": {
        "precision": 0.9911210882530322,
        "recall": 0.9916859432096282,
        "f1": 0.991403435274403
    },
    "PRON": {
        "precision": 0.998661311914324,
        "recall": 0.9980135403575627,
        "f1": 0.9983373210592481
    },
    "NUM": {
        "precision": 0.9921393237107813,
        "recall": 0.9843350813500067,
        "f1": 0.9882217947419932
    },
    "X": {
        "precision": 0.9826086956521739,
        "recall": 0.8327192336035372,
        "f1": 0.9014758675708018
    }
}