{
    "precision": 0.9899405094075743,
    "recall": 0.9899405094075743,
    "f1": 0.9899405094075743,
    "f0.5": 0.9899405094075742,
    "f2": 0.9899405094075742
}