{
    "DET": {
        "precision": 0.9838124639648516,
        "recall": 0.9838124639648516,
        "f1": 0.9838124639648516
    },
    "NOUN": {
        "precision": 0.9909129838364337,
        "recall": 0.9909129838364337,
        "f1": 0.9909129838364337
    },
    "ADJ": {
        "precision": 0.9790375174687355,
        "recall": 0.9790375174687355,
        "f1": 0.9790375174687355
    },
    "VERB": {
        "precision": 0.9909165526675786,
        "recall": 0.9909165526675786,
        "f1": 0.9909165526675786
    },
    "ADP": {
        "precision": 0.9945221944379206,
        "recall": 0.9945221944379206,
        "f1": 0.9945221944379206
    },
    ".": {
        "precision": 0.9997289330125707,
        "recall": 0.9997289330125707,
        "f1": 0.9997289330125707
    },
    "ADV": {
        "precision": 0.9776311812087697,
        "recall": 0.9776311812087697,
        "f1": 0.9776311812087697
    },
    "CONJ": {
        "precision": 0.9965924877460617,
        "recall": 0.9965924877460617,
        "f1": 0.9965924877460617
    },
    "PRT": {
        "precision": 0.9857856448422676,
        "recall": 0.9857856448422676,
        "f1": 0.9857856448422676
    },
    "PRON": {
        "precision": 0.9967770705801273,
        "recall": 0.9967770705801273,
        "f1": 0.9967770705801273
    },
    "NUM": {
        "precision": 0.9716955761731881,
        "recall": 0.9716955761731881,
        "f1": 0.9716955761731881
    },
    "X": {
        "precision": 0.7698412698412699,
        "recall": 0.7698412698412699,
        "f1": 0.7698412698412699
    }
}