{
    "precision": 0.9935643717834777,
    "recall": 0.9935643717834777,
    "f1": 0.9935643717834777,
    "f0.5": 0.9935643717834776,
    "f2": 0.9935643717834776
}