{
    "DET": {
        "precision": 0.9990585247301469,
        "recall": 0.9990585247301469,
        "f1": 0.9990585247301469
    },
    "NOUN": {
        "precision": 0.9924081318633464,
        "recall": 0.9924081318633464,
        "f1": 0.9924081318633464
    },
    "ADJ": {
        "precision": 0.9832419584094791,
        "recall": 0.9832419584094791,
        "f1": 0.9832419584094791
    },
    "VERB": {
        "precision": 0.9919562243502053,
        "recall": 0.9919562243502053,
        "f1": 0.9919562243502053
    },
    "ADP": {
        "precision": 0.997326720362516,
        "recall": 0.997326720362516,
        "f1": 0.997326720362516
    },
    ".": {
        "precision": 0.9999864466506285,
        "recall": 0.9999864466506285,
        "f1": 0.9999864466506285
    },
    "ADV": {
        "precision": 0.9834989953590925,
        "recall": 0.9834989953590925,
        "f1": 0.9834989953590925
    },
    "CONJ": {
        "precision": 0.9987680532620377,
        "recall": 0.9987680532620377,
        "f1": 0.9987680532620377
    },
    "PRT": {
        "precision": 0.9893392336317007,
        "recall": 0.9893392336317007,
        "f1": 0.9893392336317007
    },
    "PRON": {
        "precision": 0.9976284104268861,
        "recall": 0.9976284104268861,
        "f1": 0.9976284104268861
    },
    "NUM": {
        "precision": 0.9791582627403523,
        "recall": 0.9791582627403523,
        "f1": 0.9791582627403523
    },
    "X": {
        "precision": 0.8051948051948052,
        "recall": 0.8051948051948052,
        "f1": 0.8051948051948052
    }
}